uid,namedLocation,domainID,siteID,plotID,plotType,nlcdClass,decimalLatitude,decimalLongitude,geodeticDatum,coordinateUncertainty,elevation,elevationUncertainty,samplingImpractical,biophysicalCriteria,collectDate,eventID,sampleID,sampleCode,samplingMethod,totalSampledArea,targetTaxaPresent,adultCount,nymphCount,larvaCount,sampleCondition,samplingProtocolVersion,measuredBy,remarks
11361fdb-d139-4554-bc91-6478627ba0ae,LENO_003.tickPlot.tck,D08,LENO,LENO_003,distributed,Deciduous Forest,31.809574,-88.18756,WGS84,20.2,13.2,0.3,,,2017-04-19T21:32Z,LENO.2017.17,LENO_003.20170419,,flag,165,Y,1,0,0,No known compromise,NEON.DOC.014045vG,jgalloway@neoninc.org,
63811800-23ac-4597-9025-5d76655665b1,LENO_023.tickPlot.tck,D08,LENO,LENO 023,distributed,Deciduous Forest,31.80946,-88.181413,WGS84,20.1,11.3,0.2,,,2018-05-09T13:55Z,LENO.2018.19,,,drag and flag,106,No,0,0,0,,NEON.DOC.014045vJ,kjones01@battelleecology.org,
65c76233-bdb9-401b-88e7-43fbacd20669,LENO_003.tickPlot.tck,D08,LENO,LENO_003,distributed,Deciduous Forest,31.809574,-88.18756,WGS84,20.2,13.2,0.3,,,2018-04-05T17:33Z,LENO.2018.14,,,drag and flag,145,No,0,0,0,,NEON.DOC.014045vJ,charrell@battelleecology.org,
bd2245bc-7fad-4506-979a-84d47548cb0c,LENO_023.tickPlot.tck,D08,LENO,LENO_023,distributed,Deciduous Forest,31.80946,-88.181413,WGS84,20.1,11.3,0.2,,,2017-06-19T18:54Z,LENO.2017.26,,,drag,85,N,0,0,0,,NEON.DOC.014045vH,csantiago@battelleecology.org,
6623d2a2-3e66-43da-9334-d2de78b27946,LENO_003.tickPlot.tck,D08,LENO,LENO_003,distributed,Deciduous Forest,31.809574,-88.18756,WGS84,20.2,13.2,0.3,,,2016-08-09T18:52Z,LENO.2016.32,LENO_003.20160809,,drag,160,Y,0,2,586,No known compromise,NEON.DOC.014045vG,GPierce@field-ops.org,Larval ticks in separate larger vial
0a177773-2631-4689-b878-fb5cb1d9db4f,LENO_003.tickPlot.tck,D08,LENO,LENO_003,distributed,Deciduous Forest,31.809574,-88.18756,WGS84,20.2,13.2,0.3,,,2018-08-06T15:47Z,LENO.2018.32,,,drag,154,N,0,0,0,,NEON.DOC.014045vJ,rvalentine@battelleecology.org,
0a6b23bd-c532-49f9-80cd-bb82f7063c1b,LENO_023.tickPlot.tck,D08,LENO,LENO_023,distributed,Deciduous Forest,31.80946,-88.181413,WGS84,20.1,11.3,0.2,,,2016-05-31T18:49Z,LENO.2016.22,,,drag,155,N,0,0,0,No known compromise,NEON.DOC.014045vG,BGibson@field-ops.org,
2ae2cd4d-e125-4a53-9eba-757402798d88,LENO_003.tickPlot.tck,D08,LENO,LENO_003,distributed,Deciduous Forest,31.809574,-88.18756,WGS84,20.2,13.2,0.3,,,2019-06-27T15:26Z,LENO.2019.26,,,drag,155,n,,,,,NEON.DOC.014045vK,0000-0002-6443-1841,
3949e71e-2bb3-493e-a26a-1bcac016596c,LENO_003.tickPlot.tck,D08,LENO,LENO_003,distributed,Deciduous Forest,31.809574,-88.18756,WGS84,20.2,13.2,0.3,,,2018-06-21T14:16Z,LENO.2018.25,,,drag,135,n,0,0,0,,NEON.DOC.014045vJ,charrell@battelleecology.org,Parts of plot slightly mucky. Skipped to keep cloth dry.
44d75fde-51f5-4559-a3b9-69cc440ecba0,LENO_003.tickPlot.tck,D08,LENO,LENO 003,distributed,Deciduous Forest,31.809574,-88.18756,WGS84,20.2,13.2,0.3,,,2016-11-01T16:30Z,LENO.2016.44,,,drag,160,n,0,0,0,No known compromise,NEON.DOC.014045vG,pkulakowski@field-ops.org,
509a5987-0032-4e36-b083-cc88983f1105,LENO_003.tickPlot.tck,D08,LENO,LENO_003,distributed,Deciduous Forest,31.809574,-88.18756,WGS84,20.2,13.2,0.3,,,2018-04-23T19:00Z,LENO.2018.17,,,drag and flag,135,N,0,0,0,,NEON.DOC.014045vJ,jwhite@battelleecology.org,
5b6f1ea3-7d65-44c3-a4a2-ae62eda0835a,LENO_003.tickPlot.tck,D08,LENO,LENO_003,distributed,Deciduous Forest,31.809574,-88.18756,WGS84,20.2,13.2,0.3,,,2019-06-04T16:53Z,LENO.2019.23,,,drag and flag,160,N,,,,,NEON.DOC.014045vK,0000-0002-4103-6144,
6b7bbd57-1427-44e8-9f0b-c3b8a406d605,LENO_003.tickPlot.tck,D08,LENO,LENO_003,distributed,Deciduous Forest,31.809574,-88.18756,WGS84,20.2,13.2,0.3,,,2019-03-28T16:12Z,LENO.2019.13,,,drag,110,N,,,,,NEON.DOC.014045vK,0000-0002-8528-4289,
6edc7551-56e7-4c32-b373-ab4a021421ac,LENO_003.tickPlot.tck,D08,LENO,LENO_003,distributed,Deciduous Forest,31.809574,-88.18756,WGS84,20.2,13.2,0.3,,,2018-07-17T21:50Z,LENO.2018.29,,,drag,153,N,0,0,0,Distance estimated (described in remarks),NEON.DOC.014045vJ,csantiago@battelleecology.org,data entered on datasheet. Sheet was lost. Times and distance sampled are estimated. No ticks at plot.
824542e3-2d49-457b-9e3f-ffc04d70682c,LENO_023.tickPlot.tck,D08,LENO,LENO_023,distributed,Deciduous Forest,31.80946,-88.181413,WGS84,20.1,11.3,0.2,,,2016-11-01T18:36Z,LENO.2016.44,,,drag,165,no,0,0,0,No known compromise,NEON.DOC.014045vG,pkulakowski@field-ops.org,
8ec0fa2d-8249-4820-bb7d-22ee3156640b,LENO_023.tickPlot.tck,D08,LENO,LENO_023,distributed,Deciduous Forest,31.80946,-88.181413,WGS84,20.1,11.3,0.2,,,2016-10-11T19:18Z,LENO.2016.41,,,drag,160,N,0,0,0,No known compromise,NEON.DOC.014045vG,ctittle@field-ops.org,
8fbf9fcb-b8b3-49d0-add0-f01ada06b1fa,LENO_003.tickPlot.tck,D08,LENO,LENO_003,distributed,Deciduous Forest,31.809574,-88.18756,WGS84,20.2,13.2,0.3,,,2017-08-01T19:39Z,LENO.2017.32,,,drag,150,N,0,0,0,,NEON.DOC.014045vH,charrell@battelleecology.org,
91d9d5cf-66b6-4890-bf1f-6ca81b586717,LENO_003.tickPlot.tck,D08,LENO,LENO_003,distributed,Deciduous Forest,31.809574,-88.18756,WGS84,20.2,13.2,0.3,,,2016-06-28T16:12Z,LENO.2016.26,,,drag,157,N,0,0,0,No known compromise,NEON.DOC.014045vG,jwhite@neoninc.org,
ab5df942-d83f-4541-ae49-6cd07ad245a1,LENO_003.tickPlot.tck,D08,LENO,LENO_003,distributed,Deciduous Forest,31.809574,-88.18756,WGS84,20.2,13.2,0.3,,,2017-05-09T19:11Z,LENO.2017.20,,,drag,157,N,0,0,0,No known compromise,NEON.DOC.014045vH,iahmed@battelleecology.org,
b138a598-fc12-45c0-90cb-dcc0abeaf191,LENO_023.tickPlot.tck,D08,LENO,LENO_023,distributed,Deciduous Forest,31.80946,-88.181413,WGS84,20.1,11.3,0.2,,,2018-08-06T14:03Z,LENO.2018.32,,,drag,160,N,0,0,0,No known compromise,NEON.DOC.014045vJ,hodom@battelleecology.org,
b69308c6-3271-41a0-91db-214742adf1b2,LENO_003.tickPlot.tck,D08,LENO,LENO_003,distributed,Deciduous Forest,31.809574,-88.18756,WGS84,20.2,13.2,0.3,,,2016-11-21T19:10Z,LENO.2016.47,,,drag,160,N,0,0,0,No known compromise,NEON.DOC.014045vG,ctittle@field-ops.org,
b7e99268-c7aa-4678-b6e1-b0390e76027a,LENO_023.tickPlot.tck,D08,LENO,LENO_023,distributed,Deciduous Forest,31.80946,-88.181413,WGS84,20.1,11.3,0.2,,,2016-08-09T15:42Z,LENO.2016.32,,,drag,165,N,0,0,0,No known compromise,NEON.DOC.014045vG,GPierce@field-ops.org,
d00e4de9-3586-463c-9ea1-4346f6e16ab0,LENO_023.tickPlot.tck,D08,LENO,LENO_023,distributed,Deciduous Forest,31.80946,-88.181413,WGS84,20.1,11.3,0.2,,,2018-07-17T21:49Z,LENO.2018.29,,,drag,111,N,0,0,0,,NEON.DOC.014045vJ,charrell@battelleecology.org,SE corner of plot muddy
d51ff64c-2fb4-4e52-af01-36b2b0f06662,LENO_003.tickPlot.tck,D08,LENO,LENO_003,distributed,Deciduous Forest,31.809574,-88.18756,WGS84,20.2,13.2,0.3,,,2018-10-01T17:15Z,LENO.2018.40,,,drag,148,N,0,0,0,,NEON.DOC.014045vJ,slambert@battelleecology.org,
d799be7a-a0c7-424f-b341-4c47ed3e1171,LENO_023.tickPlot.tck,D08,LENO,LENO_023,distributed,Deciduous Forest,31.80946,-88.181413,WGS84,20.1,11.3,0.2,,,2019-06-04T17:30Z,LENO.2019.23,,,drag,160,N,,,,,NEON.DOC.014045vK,0000-0003-3960-4840,
de61fe59-5fa4-42c8-8a8e-28375f43dd16,LENO_003.tickPlot.tck,D08,LENO,LENO_003,distributed,Deciduous Forest,31.809574,-88.18756,WGS84,20.2,13.2,0.3,,,2017-06-01T15:11Z,LENO.2017.23,,,drag,140,N,0,0,0,,NEON.DOC.014045vH,rvalentine@battelleecology.org,
f78088e2-6f12-4956-abc3-200eab5a3f2b,LENO_023.tickPlot.tck,D08,LENO,LENO_023,distributed,Deciduous Forest,31.80946,-88.181413,WGS84,20.1,11.3,0.2,,,2018-06-04T18:06Z,LENO.2018.23,,,drag,118,N,0,0,0,No known compromise,NEON.DOC.014045vJ,hodom@battelleecology.org,
fa1b83a9-fb74-499d-a70a-a2c80091f9c8,LENO_023.tickPlot.tck,D08,LENO,LENO_023,distributed,Deciduous Forest,31.80946,-88.181413,WGS84,20.1,11.3,0.2,,,2016-11-21T16:06Z,LENO.2016.47,,,drag,160,N,0,0,0,No known compromise,NEON.DOC.014045vG,ctittle@field-ops.org,
fbff06a6-f51c-431c-884d-06e9dc0827d8,LENO_023.tickPlot.tck,D08,LENO,LENO_023,distributed,Deciduous Forest,31.80946,-88.181413,WGS84,20.1,113,0.2,,,2016-07-20T19:27Z,LENO.2016.29,,,drag,160,N,0,0,0,No known compromise,NEON.DOC.014045vG,KHildebrand@field-ops.org,
0ac8d4f7-7fba-47e6-a0a0-15135d150c84,LENO_023.tickPlot.tck,D08,LENO,LENO_023,distributed,Deciduous Forest,31.80946,-88.181413,WGS84,20.1,11.3,0.2,,,2017-07-10T16:23Z,LENO.2017.29,LENO_023.20170710,,drag,105,Y,0,0,3,No known compromise,NEON.DOC.014045vH,khildebrand@battelleecology.org,
0b4301ea-b64d-4b35-8dbf-1da59db40825,LENO_003.tickPlot.tck,D08,LENO,LENO_003,distributed,Deciduous Forest,31.809574,-88.18756,WGS84,20.2,13.2,0.3,,,2016-10-11T18:26Z,LENO.2016.41,LENO_003.20161011,,drag,160,Y,0,2,0,No known compromise,NEON.DOC.014045vG,bgibson@field-ops.org,
117493fd-c39b-4fd7-bac0-8732db6042c2,LENO_023.tickPlot.tck,D08,LENO,LENO_023,distributed,Deciduous Forest,31.80946,-88.181413,WGS84,20.1,11.3,0.2,,,2016-06-28T17:01Z,LENO.2016.26,LENO_023.20160628,,drag and flag,160,Y,0,1,0,No known compromise,NEON.DOC.014045vG,jwhite@neoninc.org,
1332249e-c763-4622-9cf3-c436d76c6973,LENO_003.tickPlot.tck,D08,LENO,LENO_003,distributed,Deciduous Forest,31.809574,-88.18756,WGS84,20.2,13.2,0.3,,,2018-08-29T12:13Z,LENO.2018.35,LENO_003.20180829,A00000013949,drag,150,Y,0,2,0,No known compromise,NEON.DOC.014045vJ,cbarefoot@battelleecology.org,
1e853326-0914-44e7-bcde-cb81d7e35ff5,LENO_023.tickPlot.tck,D08,LENO,LENO_023,distributed,Deciduous Forest,31.80946,-88.181413,WGS84,20.1,11.3,0.2,,,2017-05-30T19:29Z,LENO.2017.23,LENO_023.20170530,,drag,150,Y,0,1,0,No known compromise,NEON.DOC.014045vH,ecolberg@battelleecology.org,
2e82b4ca-0bb7-421e-973d-f522892ff7ba,LENO_003.tickPlot.tck,D08,LENO,LENO_003,distributed,Deciduous Forest,31.809574,-88.18756,WGS84,20.2,13.2,0.3,,,2018-06-04T17:21Z,LENO.2018.23,LENO_003.20180604,A00000013968,drag,154,y,0,1,0,No known compromise,NEON.DOC.014045vJ,mensley-field@battelleecology.org,
51e2a320-7f4d-4082-824e-c69db9fb5ab9,LENO_003.tickPlot.tck,D08,LENO,LENO 3,distributed,Deciduous Forest,31.809574,-88.18756,WGS84,20.2,13.2,0.3,,,2016-09-20T16:54Z,LENO.2016.38,LENO_003.20160920,,drag,160,Y,0,8,0,No known compromise,NEON.DOC.014045vG,mmattox@field-ops.org,
54a9058d-3902-4efd-852f-5ead67316b2b,LENO_023.tickPlot.tck,D08,LENO,LENO_023,distributed,Deciduous Forest,31.80946,-88.181413,WGS84,20.1,11.3,0.2,,,2019-06-27T16:00Z,LENO.2019.26,LENO_023.20190627,D00000048157,drag,160,Y,,,,No known compromise,NEON.DOC.014045vK,0000-0002-5431-1379,
5951769c-df36-4c9f-b458-895fd2982d6d,LENO_023.tickPlot.tck,D08,LENO,LENO_023,distributed,Deciduous Forest,31.80946,-88.181413,WGS84,20.1,11.3,0.2,,,2017-08-01T18:56Z,LENO.2017.32,LENO_023.20170801,,drag,130,Y,0,2,0,No known compromise,NEON.DOC.014045vH,charrell@battelleecology.org,
7550ed2d-a9d7-4966-a8f6-60bf8c91c905,LENO_003.tickPlot.tck,D08,LENO,LENO_003,distributed,Deciduous Forest,31.809574,-88.18756,WGS84,20.2,13.2,0.3,,,2017-09-14T14:16Z,LENO.2017.38,LENO_003.20170914,,drag and flag,150,Yes,0,3,0,No known compromise,NEON.DOC.014045vH,rvalentine@battelleecology.org,
77b2a5e2-feca-4e32-ba6d-e94aa6ed4619,LENO_003.tickPlot.tck,D08,LENO,LENO_003,distributed,Deciduous Forest,31.809574,-88.18756,WGS84,20.2,13.2,0.3,,,2016-09-06T17:33Z,LENO.2016.36,LENO_003.20160906,,drag,160,Y,0,14,23,No known compromise,NEON.DOC.014045vG,KHildebrand@field-ops.org,
78933e4a-4887-4610-9230-b429bce684e4,LENO_023.tickPlot.tck,D08,LENO,LENO_023,distributed,Deciduous Forest,31.80946,-88.181413,WGS84,20.1,11.3,0.2,,,2017-08-21T16:41Z,LENO.2017.35,LENO_023.20170821,,drag,130,Y,0,4,2,No known compromise,NEON.DOC.014045vH,spreer@battelleecology.org,
7998c060-f5c5-4aba-b7e4-9f23db49007c,LENO_023.tickPlot.tck,D08,LENO,LENO_023,distributed,Deciduous Forest,31.80946,-88.181413,WGS84,20.1,11.3,0.2,,,2018-06-20T16:22Z,LENO.2018.25,LENO_023.20180620,A00000013956,drag,85,Y,0,2,0,No known compromise,NEON.DOC.014045vJ,lnagel@battelleecology.org,
835544b1-b622-4f8e-af5a-453454f47411,LENO_023.tickPlot.tck,D08,LENO,LENO_023,distributed,Deciduous Forest,31.80946,-88.181413,WGS84,20.1,11.3,0.2,,,2017-09-14T15:01Z,LENO.2017.38,LENO_023.20170914,,drag and flag,160,Y,0,2,0,No known compromise,NEON.DOC.014045vH,iahmed@battelleecology.org,
8435aad1-290b-48e4-b581-a7a74321465b,LENO_023.tickPlot.tck,D08,LENO,LENO_023,distributed,Deciduous Forest,31.80946,-88.181413,WGS84,20.1,11.3,0.2,,,2016-09-06T18:43Z,LENO.2016.36,LENO_023.20160906,,drag,160,Y,0,6,73,No known compromise,NEON.DOC.014045vG,KHildebrand@field-ops.org,
90cc4e8a-f51f-44c2-9c6c-343e74736082,LENO_023.tickPlot.tck,D08,LENO,LENO_023,distributed,Deciduous Forest,31.80946,-88.181413,WGS84,20.1,11.3,0.2,,,2017-04-17T15:28Z,LENO.2017.17,LENO_023.20170417,,drag,100,Y,1,1,0,No known compromise,NEON.DOC.014045vG,elamb@battelleecology.org,
9bf7e030-c318-432b-957b-b26a96dae810,LENO_003.tickPlot.tck,D08,LENO,LENO_003,distributed,Deciduous Forest,31.809574,-88.18756,WGS84,20.2,13.2,0.3,,,2017-06-19T19:27Z,LENO.2017.26,LENO_003.20170619,,drag,160,Y,0,1,0,No known compromise,NEON.DOC.014045vH,csantiago@battelleecology.org,
a4566f6b-d76c-412c-a0ae-4a41d1a6c857,LENO_023.tickPlot.tck,D08,LENO,LENO_023,distributed,Deciduous Forest,31.80946,-88.181413,WGS84,20.1,11.3,0.2,,,2016-09-20T17:38Z,LENO.2016.38,LENO_023.20160920,,drag,160,yes,0,3,0,No known compromise,NEON.DOC.014045vG,mmattox@field-ops.org,
a4f57b11-0199-4ba9-a810-69737f3f70ba,LENO_023.tickPlot.tck,D08,LENO,LENO_023,distributed,Deciduous Forest,31.80946,-88.181413,WGS84,20.1,11.3,0.2,,,2017-10-05T16:24Z,LENO.2017.41,LENO_023.20171005,,drag and flag,160,Y,0,2,0,No known compromise,NEON.DOC.014045vH,charrell@battelleecology.org,
ac7235c6-13d8-485b-9806-c81aade17578,LENO_023.tickPlot.tck,D08,LENO,LENO_023,distributed,Deciduous Forest,31.80946,-88.181413,WGS84,20.1,11.3,0.2,,,2017-05-09T19:57Z,LENO.2017.20,LENO_023.20170509,,drag,83,yes,0,1,0,No known compromise,NEON.DOC.014045vH,lnagel@battelleecology.org,
b5d46cb9-02d7-475f-8624-a0b18ee83b51,LENO_003.tickPlot.tck,D08,LENO,LENO_003,distributed,Deciduous Forest,31.809574,-88.18756,WGS84,20.2,13.2,0.3,,,2016-07-20T20:23Z,LENO.2016.29,LENO_003.20160720,,drag,120,Y,1,1,0,No known compromise,NEON.DOC.014045vG,KHildebrand@field-ops.org,Rained out-stopped sampling early
d8cf9486-73fd-46bc-b110-33921eedb730,LENO_023.tickPlot.tck,D08,LENO,LENO_023,distributed,Deciduous Forest,31.80946,-88.181413,WGS84,20.1,11.3,0.2,,,2018-08-28T15:00Z,LENO.2018.35,LENO_023.20180828,A00000015266,drag,150,Y,0,3,0,No known compromise,NEON.DOC.014045vJ,cbarefoot@battelleecology.org,1 tick dropped during sampling. 2 remaining in vial.
da56ea2f-0bd7-4f1b-9665-4b00932dcbc0,LENO_023.tickPlot.tck,D08,LENO,LENO_023,distributed,Deciduous Forest,31.80946,-88.181413,WGS84,20.1,11.3,0.2,,,2018-10-01T16:07Z,LENO.2018.40,LENO_023.20181001,A00000015261,drag,160,Y,0,1,0,No known compromise,NEON.DOC.014045vJ,rvalentine@battelleecology.org,
dc95c523-b46a-497c-b17f-6e54ba82b7c5,LENO_003.tickPlot.tck,D08,LENO,LENO_003,distributed,Deciduous Forest,31.809574,-88.18756,WGS84,20.2,13.2,0.3,,,2017-07-10T17:04Z,LENO.2017.29,LENO_003.20170710,,drag,150,Y,0,51,2,No known compromise,NEON.DOC.014045vH,khildebrand@battelleecology.org,site-year possibly subsampled in ID lab counts
de2e1920-605b-46ee-9d53-d4422288aca3,LENO_003.tickPlot.tck,D08,LENO,LENO_003,distributed,Deciduous Forest,31.809574,-88.18756,WGS84,20.2,13.2,0.3,,,2018-05-09T14:38Z,LENO.2018.19,LENO_003.20180509,B00000003245,drag,155,Y,1,0,0,No known compromise,NEON.DOC.014045vJ,mensley-field@battelleecology.org,
dfb10db8-a2f9-4d12-a925-2d44c0450bdb,LENO_003.tickPlot.tck,D08,LENO,LENO_003,distributed,Deciduous Forest,31.809574,-88.18756,WGS84,20.2,13.2,0.3,,,2016-05-31T19:32Z,LENO.2016.22,LENO_003.20160531,,drag and flag,160,Y,0,3,0,No known compromise,NEON.DOC.014045vG,PKulakowski@field-ops.org,
e7830cbc-3445-4178-aba4-12846a035205,LENO_003.tickPlot.tck,D08,LENO,LENO_003,distributed,Deciduous Forest,31.809574,-88.18756,WGS84,20.2,13.2,0.3,,,2017-10-05T15:47Z,LENO.2017.41,LENO_003.20171005,,drag and flag,150,Y,0,0,1,No known compromise,NEON.DOC.014045vH,charrell@battelleecology.org,
9bc7ebee-d99f-41a8-beea-b2f60c648c88,LENO_003.tickPlot.tck,D08,LENO,LENO_003,distributed,Deciduous Forest,31.809574,-88.18756,WGS84,20.2,13.2,0.3,,,2017-08-21T17:18Z,LENO.2017.35,,,drag,160,N,0,0,0,,NEON.DOC.014045vH,zjennings@battelleecology.org,
ad190486-e73e-4705-89bc-ad7f698f2083,LENO_003.tickPlot.tck,D08,LENO,LENO_003,distributed,Deciduous Forest,31.809574,-88.18756,WGS84,20.2,13.2,0.3,,,2019-05-21T16:35Z,LENO.2019.21,LENO_003.20190521,D00000048047,drag,145,yes,,,,No known compromise,NEON.DOC.014045vK,0000-0002-6741-7770,
06427e55-27a1-45b6-b03f-59da16ac7d3c,LENO_042.tickPlot.tck,D08,LENO,LENO_042,distributed,Woody Wetlands,31.817828,-88.182885,WGS84,20.2,15,0.3,,,2016-11-01T21:29Z,LENO.2016.44,,,drag and flag,160,N,0,0,0,No known compromise,NEON.DOC.014045vG,rvalentine@field-ops.org,
19c7732f-1f83-4815-a686-2f8bceb63a97,LENO_004.tickPlot.tck,D08,LENO,LENO_004,distributed,Woody Wetlands,31.822384,-88.181964,WGS84,20.2,12.6,0.2,,,2018-10-01T17:12Z,LENO.2018.40,,,drag and flag,80,N,0,0,0,,NEON.DOC.014045vJ,hwhatley@battelleecology.org,Area excluded due to moisture
20911ecd-4f94-43c7-811d-a02965d60150,LENO_042.tickPlot.tck,D08,LENO,LENO_042,distributed,Woody Wetlands,31.817828,-88.182885,WGS84,20.2,15,0.3,,,2018-05-09T13:06Z,LENO.2018.19,,,drag and flag,115,N,0,0,0,,NEON.DOC.014045vJ,kjones01@battelleecology.org,
20f03c3c-1a59-4117-afc5-3280ffe7844a,LENO_004.tickPlot.tck,D08,LENO,LENO_004,distributed,Woody Wetlands,31.822384,-88.181964,WGS84,20.2,12.6,0.2,,,2016-09-06T14:28Z,LENO.2016.36,,,drag,120,N,0,0,0,No known compromise,NEON.DOC.014045vG,RValentine@field-ops.org,
261712e8-2daf-46f6-8b39-64f93d71aa7d,LENO_004.tickPlot.tck,D08,LENO,LENO_004,distributed,Woody Wetlands,31.822384,-88.181964,WGS84,20.2,12.6,0.2,,,2019-03-28T14:05Z,LENO.2019.13,,,drag and flag,80,n,,,,,NEON.DOC.014045vK,0000-0001-6892-534X,
2c6c5078-4ca9-4f6b-9d57-1489bed0d89a,LENO_042.tickPlot.tck,D08,LENO,LENO_042,distributed,Woody Wetlands,31.817828,-88.182885,WGS84,20.2,15,0.3,,,2018-10-01T16:50Z,LENO.2018.40,,,drag,135,n,0,0,0,,NEON.DOC.014045vJ,hwhatley@battelleecology.org,Area excluded due to moisture
2e847978-b056-4820-888b-9659883cbbbf,LENO_042.tickPlot.tck,D08,LENO,LENO_042,distributed,Woody Wetlands,31.817828,-88.182885,WGS84,20.2,15,0.3,,,2018-06-20T14:59Z,LENO.2018.25,,,drag,95,n,0,0,0,,NEON.DOC.014045vJ,lnagel@battelleecology.org,
3458ca21-3e6d-4cae-997c-190c986ba935,LENO_004.tickPlot.tck,D08,LENO,LENO_004,distributed,Woody Wetlands,31.822384,-88.181964,WGS84,20.2,12.6,0.2,,,2019-06-04T19:13Z,LENO.2019.23,,,drag,160,n,,,,,NEON.DOC.014045vK,0000-0003-3960-4840,
34d6ebe9-ee78-4c7a-b578-9f2fb3601cb1,LENO_002.tickPlot.tck,D08,LENO,LENO_002,distributed,Woody Wetlands,31.806282,-88.195217,WGS84,20.1,16.7,0.2,,,2016-11-01T17:42Z,LENO.2016.44,,,drag,160,n,0,0,0,No known compromise,NEON.DOC.014045vG,pkulakowski@field-ops.org,
3b92fca8-9e4f-4886-82dc-3554ac1d5f48,LENO_015.tickPlot.tck,D08,LENO,LENO_015,distributed,Woody Wetlands,31.8173,-88.19149,WGS84,20.3,12.1,0.6,,,2018-04-23T20:54Z,LENO.2018.17,,,drag,110,n,0,0,0,,NEON.DOC.014045vJ,charrell@battelleecology.org,
3f155c3f-adf5-4cee-b014-7e921f45b25e,LENO_002.tickPlot.tck,D08,LENO,LENO_002,distributed,Woody Wetlands,31.806282,-88.195217,WGS84,20.1,16.7,0.2,,,2017-08-01T20:20Z,LENO.2017.32,,,drag,160,n,0,0,0,,NEON.DOC.014045vH,charrell@battelleecology.org,
45a81a38-cc4c-459c-b3d4-97ab4d8727df,LENO_015.tickPlot.tck,D08,LENO,LENO_015,distributed,Woody Wetlands,31.8173,-88.19149,WGS84,20.3,12.1,0.6,,,2016-09-06T15:22Z,LENO.2016.36,,,drag,160,N,0,0,0,No known compromise,NEON.DOC.014045vG,RValentine@field-ops.org,
4ecdf750-8733-41f0-96cc-c9bc2ba6e34f,LENO_042.tickPlot.tck,D08,LENO,LENO_042,distributed,Woody Wetlands,31.817828,-88.182885,WGS84,20.2,15,0.3,,,2017-04-17T17:28Z,LENO.2017.17,,,drag and flag,120,N,0,0,0,No known compromise,NEON.DOC.014045vG,elamb@battelleecology.org,
50a222b4-954a-4e4f-90fe-a07622ac7413,LENO_015.tickPlot.tck,D08,LENO,LENO_015,distributed,Woody Wetlands,31.8173,-88.19149,WGS84,20.3,12.1,0.6,,,2019-06-04T18:38Z,LENO.2019.23,,,drag,165,N,,,,,NEON.DOC.014045vK,0000-0002-4103-6144,
5952541a-73a6-493d-bf05-d2aaa5c953d5,LENO_015.tickPlot.tck,D08,LENO,LENO_015,distributed,Woody Wetlands,31.8173,-88.19149,WGS84,20.3,12.1,0.6,,,2016-05-31T16:54Z,LENO.2016.22,,,drag,160,N,0,0,0,No known compromise,NEON.DOC.014045vG,BGibson@field-ops.org,
63264c5b-5502-4e81-a946-70bec86ac80d,LENO_015.tickPlot.tck,D08,LENO,LENO_015,distributed,Woody Wetlands,31.8173,-88.19149,WGS84,20.3,12.1,0.6,,,2016-08-09T16:24Z,LENO.2016.32,,,drag,160,N,0,0,0,No known compromise,NEON.DOC.014045vG,GPierce@field-ops.org,
662fac56-59a0-458b-a207-7e2857c967c2,LENO_002.tickPlot.tck,D08,LENO,LENO_002,distributed,Woody Wetlands,31.806282,-88.195217,WGS84,20.1,16.7,0.2,,,2019-06-27T14:55Z,LENO.2019.26,,,drag,160,N,,,,,NEON.DOC.014045vK,0000-0002-5431-1379,
71dba99c-225f-42ad-9dd9-87e68a3c1a24,LENO_015.tickPlot.tck,D08,LENO,LENO_015,distributed,Woody Wetlands,31.8173,-88.19149,WGS84,20.3,12.1,0.6,,,2016-11-21T18:28Z,LENO.2016.47,,,drag,160,no,0,0,0,No known compromise,NEON.DOC.014045vG,ctittle@field-ops.org,
820a0907-3f80-42c7-abfd-b34697728946,LENO_002.tickPlot.tck,D08,LENO,LENO_002,distributed,Woody Wetlands,31.806282,-88.195217,WGS84,20.1,16.7,0.2,,,2016-06-28T15:25Z,LENO.2016.26,,,drag,160,no,0,0,0,No known compromise,NEON.DOC.014045vG,jwhite@neoninc.org,
83447747-5d93-4d85-83cd-12acc4c01556,LENO_004.tickPlot.tck,D08,LENO,LENO_004,distributed,Woody Wetlands,31.822384,-88.181964,WGS84,20.2,12.6,0.2,,,2016-11-01T20:44Z,LENO.2016.44,,,drag and flag,160,no,0,0,0,No known compromise,NEON.DOC.014045vG,rvalentine@field-ops.org,
87c89f17-a9a1-4e1f-83e4-3ca9aa9f9733,LENO_015.tickPlot.tck,D08,LENO,LENO_015,distributed,Woody Wetlands,31.8173,-88.19149,WGS84,20.3,12.1,0.6,,,2016-10-11T16:51Z,LENO.2016.41,,,drag,160,no,0,0,0,No known compromise,NEON.DOC.014045vG,bgibson@field-ops.org,
8dffbd11-bf8d-40b7-8dcf-1f7b7fa19ab9,LENO_002.tickPlot.tck,D08,LENO,LENO_002,distributed,Woody Wetlands,31.806282,-88.195217,WGS84,20.1,16.7,0.2,,,2018-08-29T11:46Z,LENO.2018.35,,,drag,160,no,0,0,0,,NEON.DOC.014045vJ,cbarefoot@battelleecology.org,
91a97240-0158-4e28-b77b-478397098be7,LENO_042.tickPlot.tck,D08,LENO,LENO_042,distributed,Woody Wetlands,31.817828,-88.182885,WGS84,20.2,15,0.3,,,2019-06-27T18:05Z,LENO.2019.26,,,drag,160,No,,,,,NEON.DOC.014045vK,0000-0002-5431-1379,
9237c7cd-7101-4ef9-8b55-c83b8b7d9cdc,LENO_015.tickPlot.tck,D08,LENO,LENO_015,distributed,Woody Wetlands,31.8173,-88.19149,WGS84,20.3,12.1,0.6,,,2017-10-05T18:45Z,LENO.2017.41,,,drag and flag,160,N,0,0,0,,NEON.DOC.014045vH,charrell@battelleecology.org,
94cc542d-25af-4c98-ae4c-677dae14bb56,LENO_042.tickPlot.tck,D08,LENO,LENO42,distributed,Woody Wetlands,31.817828,-88.182885,WGS84,20.2,15,0.3,,,2017-10-05T17:07Z,LENO.2017.41,,,drag and flag,160,no,0,0,0,,NEON.DOC.014045vH,charrell@battelleecology.org,
98851305-ab55-455a-a4fb-9b4ea6fb3845,LENO_002.tickPlot.tck,D08,LENO,LENO002,distributed,Woody Wetlands,31.806282,-88.195217,WGS84,20.1,16.7,0.2,,,2016-09-06T16:32Z,LENO.2016.36,,,drag,160,N,0,0,0,No known compromise,NEON.DOC.014045vG,RValentine@field-ops.org,
99f10597-990d-42f7-a632-5656d6bcccd1,LENO_004.tickPlot.tck,D08,LENO,LENO_004,distributed,Woody Wetlands,31.822384,-88.181964,WGS84,20.2,12.6,0.2,,,2016-11-21T17:41Z,LENO.2016.47,,,drag,120,No,0,0,0,No known compromise,NEON.DOC.014045vG,ctittle@field-ops.org,
9f6774c9-b7c2-4e76-8083-d76c320b96cd,LENO_015.tickPlot.tck,D08,LENO,LENO_015,distributed,Woody Wetlands,31.8173,-88.19149,WGS84,20.3,12.1,0.6,,,2016-06-28T18:21Z,LENO.2016.26,,,drag,160,N,0,0,0,No known compromise,NEON.DOC.014045vG,jwhite@neoninc.org,
a0f4984c-686a-4348-bed1-0360bb9f7b50,LENO_004.tickPlot.tck,D08,LENO,LENO_004,distributed,Woody Wetlands,31.822384,-88.181964,WGS84,20.2,12.6,0.2,,,2016-08-09T17:21Z,LENO.2016.32,,,drag,160,No,0,0,0,No known compromise,NEON.DOC.014045vG,GPierce@field-ops.org,
a178988a-e488-4c0d-aea5-03c414d24831,LENO_042.tickPlot.tck,D08,LENO,LENO_042,distributed,Woody Wetlands,31.817828,-88.182885,WGS84,20.2,15,0.3,,,2018-07-16T20:11Z,LENO.2018.29,,,drag,150,N,0,0,0,,NEON.DOC.014045vJ,csantiago@battelleecology.org,West side of plot still mucky.
a67fadd3-193b-4aa9-87bb-afbf4491eb9f,LENO_004.tickPlot.tck,D08,LENO,LENO_004,distributed,Woody Wetlands,31.822384,-88.181964,WGS84,20.2,12.6,0.2,,,2018-07-16T20:51Z,LENO.2018.29,,,drag,157,N,0,0,0,,NEON.DOC.014045vJ,csantiago@battelleecology.org,
a815cb5c-8dcb-466c-8c4c-8689c0388495,LENO_015.tickPlot.tck,D08,LENO,LENO_015,distributed,Woody Wetlands,31.8173,-88.19149,WGS84,20.3,12.1,0.6,,,2018-04-05T16:31Z,LENO.2018.14,,,drag,128,N,0,0,0,,NEON.DOC.014045vJ,charrell@battelleecology.org,
aa121da7-9d3c-408e-b5a5-76337599f7e2,LENO_042.tickPlot.tck,D08,LENO,LENO_042,distributed,Woody Wetlands,31.817828,-88.182885,WGS84,20.2,15,0.3,,,2017-08-01T21:12Z,LENO.2017.32,,,drag and flag,100,N,0,0,0,,NEON.DOC.014045vH,charrell@battelleecology.org,
aa5185c7-49a1-4ee3-9644-9c25ff1c698a,LENO_004.tickPlot.tck,D08,LENO,LENO_004,distributed,Woody Wetlands,31.822384,-88.181964,WGS84,20.2,12.6,0.2,,,2018-05-09T12:24Z,LENO.2018.19,,,drag,160,N,0,0,0,,NEON.DOC.014045vJ,kjones01@battelleecology.org,
abd3a884-cd9a-41ba-9b22-f042126c3281,LENO_015.tickPlot.tck,D08,LENO,LENO_015,distributed,Woody Wetlands,31.8173,-88.19149,WGS84,20.3,12.1,0.6,,,2018-07-18T14:10Z,LENO.2018.29,,,drag,160,N,0,0,0,,NEON.DOC.014045vJ,charrell@battelleecology.org,
acd6f0c8-056c-4607-be80-e77a84ce9faa,LENO_015.tickPlot.tck,D08,LENO,LENO_015,distributed,Woody Wetlands,31.8173,-88.19149,WGS84,20.3,12.1,0.6,,,2016-11-01T19:45Z,LENO.2016.44,,,drag,160,N,0,0,0,No known compromise,NEON.DOC.014045vG,rvalentine@field-ops.org,
b794915c-a781-4304-b038-79e9d2bd4d28,LENO_042.tickPlot.tck,D08,LENO,LENO 042,distributed,Woody Wetlands,31.817828,-88.182885,WGS84,20.2,15,0.3,,,2018-06-04T19:27Z,LENO.2018.23,,,drag,132,N,0,0,0,No known compromise,NEON.DOC.014045vJ,hodom@battelleecology.org,
b98f1d16-9487-4279-9386-d2779342ba48,LENO_002.tickPlot.tck,D08,LENO,LENO_002,distributed,Woody Wetlands,31.806282,-88.195217,WGS84,20.1,16.7,0.2,,,2018-06-21T14:45Z,LENO.2018.25,,,drag and flag,160,N,0,0,0,No known compromise,NEON.DOC.014045vJ,charrell@battelleecology.org,
ba5a7f6e-f0d6-456c-9305-8d807615a943,LENO_015.tickPlot.tck,D08,LENO,LENO_015,distributed,Woody Wetlands,31.8173,-88.19149,WGS84,20.3,12.1,0.6,,,2017-05-30T22:04Z,LENO.2017.23,,,drag,160,N,0,0,0,,NEON.DOC.014045vH,ecolberg@battelleecology.org,
bdbafcc4-fd14-4d03-b10a-3a633c539232,LENO_015.tickPlot.tck,D08,LENO,LENO_015,distributed,Woody Wetlands,31.8173,-88.19149,WGS84,20.3,12.1,0.6,,,2017-05-09T20:30Z,LENO.2017.20,,,drag,150,N,0,0,0,No known compromise,NEON.DOC.014045vH,iahmed@battelleecology.org,
bdfaf4f9-126c-402c-9129-5fb365b84aa3,LENO_015.tickPlot.tck,D08,LENO,LENO_015,distributed,Woody Wetlands,31.8173,-88.19149,WGS84,20.3,12.1,0.6,,,2016-09-20T18:24Z,LENO.2016.38,,,drag,160,N,0,0,0,No known compromise,NEON.DOC.014045vG,mmattox@field-ops.org,
bf0f7f89-8611-4fc7-a95f-7dc9f9efb6a9,LENO_002.tickPlot.tck,D08,LENO,LENO_002,distributed,Woody Wetlands,31.806282,-88.195217,WGS84,20.1,16.7,0.2,,,2018-07-18T14:50Z,LENO.2018.29,,,drag,160,N,0,0,0,,NEON.DOC.014045vJ,charrell@battelleecology.org,
c48c9b66-c765-43cc-bf35-2d3fa6a61bd6,LENO_002.tickPlot.tck,D08,LENO,LENO_002,distributed,Woody Wetlands,31.806282,-88.195217,WGS84,20.1,16.7,0.2,,,2019-03-28T15:38Z,LENO.2019.13,,,drag,160,N,,,,,NEON.DOC.014045vK,0000-0002-8528-4289,
df2af817-a140-4fbb-a213-9f567f53d863,LENO_015.tickPlot.tck,D08,LENO,LENO_015,distributed,Woody Wetlands,31.8173,-88.19149,WGS84,20.3,12.1,0.6,,,2018-10-01T16:30Z,LENO.2018.40,,,drag,120,N,0,0,0,,NEON.DOC.014045vJ,hwhatley@battelleecology.org,Area excluded due to moisture
e4b78d05-5e89-4456-a087-d39206a21e43,LENO_004.tickPlot.tck,D08,LENO,LENO_004,distributed,Woody Wetlands,31.822384,-88.181964,WGS84,20.2,12.6,0.2,,,2016-06-28T19:09Z,LENO.2016.26,,,drag and flag,147,N,0,0,0,No known compromise,NEON.DOC.014045vG,jwhite@neoninc.org,
eb3cbc82-9b68-4d5b-9f19-e2de1a8690e6,LENO_015.tickPlot.tck,D08,LENO,LENO015,distributed,Woody Wetlands,31.8173,-88.19149,WGS84,20.3,12.1,0.6,,,2018-05-09T11:33Z,LENO.2018.19,,,drag,160,N,0,0,0,,NEON.DOC.014045vJ,kjones01@battelleecology.org,
ed47a348-c92a-4bdc-b2a8-50f780e7c63f,LENO_002.tickPlot.tck,D08,LENO,LENO_002,distributed,Woody Wetlands,31.806282,-88.195217,WGS84,20.1,16.7,0.2,,,2016-10-11T17:35Z,LENO.2016.41,,,drag,160,N,0,0,0,No known compromise,NEON.DOC.014045vG,ctittle@field-ops.org,
f10614b8-ffda-4615-a2fa-170467eb2ce6,LENO_042.tickPlot.tck,D08,LENO,LENO_042,distributed,Woody Wetlands,31.817828,-88.182885,WGS84,20.2,15,0.3,,,2016-06-28T19:52Z,LENO.2016.26,,,drag and flag,140,N,0,0,0,No known compromise,NEON.DOC.014045vG,jwhite@neoninc.org,Left early due to weather
f7681332-9e9d-4b4e-8536-8180a07c150c,LENO_015.tickPlot.tck,D08,LENO,LENO_015,distributed,Woody Wetlands,31.8173,-88.19149,WGS84,20.3,12.1,0.6,,,2017-08-21T18:00Z,LENO.2017.35,,,drag,120,N,0,0,0,,NEON.DOC.014045vH,zjennings@battelleecology.org,
fd0ec7c1-01f3-4305-a953-414b79b734f7,LENO_015.tickPlot.tck,D08,LENO,LENO_015,distributed,Woody Wetlands,31.8173,-88.19149,WGS84,20.3,12.1,0.6,,,2018-06-20T15:35Z,LENO.2018.25,,,drag,160,N,0,0,0,,NEON.DOC.014045vJ,lnagel@battelleecology.org,
fd7e24ea-518f-403a-8a2b-0e01b371cac4,LENO_042.tickPlot.tck,D08,LENO,LENO_042,distributed,Woody Wetlands,31.817828,-88.182885,WGS84,20.2,15,0.3,,,2019-06-04T19:19Z,LENO.2019.23,,,drag,165,N,,,,,NEON.DOC.014045vK,0000-0002-4103-6144,
015c9048-747f-4bb9-9c47-cb588460308d,LENO_002.tickPlot.tck,D08,LENO,LENO_002,distributed,Woody Wetlands,31.806282,-88.195217,WGS84,20.1,16.7,0.2,,,2017-06-01T13:53Z,LENO.2017.23,LENO_002.20170601,,drag,160,Y,1,1,0,No known compromise,NEON.DOC.014045vH,ecolberg@battelleecology.org,
089b7752-689c-442d-9fc8-34d181aa76a1,LENO_015.tickPlot.tck,D08,LENO,LENO_015,distributed,Woody Wetlands,31.8173,-88.19149,WGS84,20.3,12.1,0.6,,,2017-09-14T16:41Z,LENO.2017.38,LENO_015.20170914,,drag,160,y,0,1,0,No known compromise,NEON.DOC.014045vH,iahmed@battelleecology.org,
0b6db0fd-4927-4136-af9e-4dc10e85dc6b,LENO_015.tickPlot.tck,D08,LENO,LENO_015,distributed,Woody Wetlands,31.8173,-88.19149,WGS84,20.3,12.1,0.6,,,2017-07-10T15:26Z,LENO.2017.29,LENO_015.20170710,,drag,160,Y,0,2,9,No known compromise,NEON.DOC.014045vH,khildebrand@battelleecology.org,
156ecf55-a38b-4bcc-9c14-bf938e7a57d2,LENO_042.tickPlot.tck,D08,LENO,LENO_042,distributed,Woody Wetlands,31.817828,-88.182885,WGS84,20.2,15,0.3,,,2016-07-20T18:25Z,LENO.2016.29,LENO_042.20160720,,drag,160,Y,0,2,9,No known compromise,NEON.DOC.014045vG,KHildebrand@field-ops.org,
18c8c24d-c0ae-41b5-abcb-6393d46baaf0,LENO_004.tickPlot.tck,D08,LENO,LENO004,distributed,Woody Wetlands,31.822384,-88.181964,WGS84,20.2,12.6,0.2,,,2016-10-11T15:10Z,LENO.2016.41,LENO_004.20161011,,drag,165,Y,1,0,0,No known compromise,NEON.DOC.014045vG,bgibson@field-ops.org,
1b4ef277-196c-4b56-9c11-db5a256b3a48,LENO_015.tickPlot.tck,D08,LENO,LENO_015,distributed,Woody Wetlands,31.8173,-88.19149,WGS84,20.3,12.1,0.6,,,2017-04-17T18:08Z,LENO.2017.17,LENO_015.20170417,,drag,160,Y,1,0,0,No known compromise,NEON.DOC.014045vG,elamb@battelleecology.org,
20aeadce-6601-4528-bd93-527df1962376,LENO_004.tickPlot.tck,D08,LENO,LENO_004,distributed,Woody Wetlands,31.822384,-88.181964,WGS84,20.2,12.6,0.2,,,2017-05-30T21:08Z,LENO.2017.23,LENO_004.20170530,,drag,160,Y,0,1,0,No known compromise,NEON.DOC.014045vH,ecolberg@battelleecology.org,
21beb154-c12a-4b22-9404-c5eb6ae75873,LENO_002.tickPlot.tck,D08,LENO,LENO_002,distributed,Woody Wetlands,31.806282,-88.195217,WGS84,20.1,16.7,0.2,,,2016-05-31T20:28Z,LENO.2016.22,LENO_002.20160531,,drag,160,Y,0,2,0,No known compromise,NEON.DOC.014045vG,BGibson@field-ops.org,
2489e957-b0b9-4395-b33c-dfbf418687d1,LENO_042.tickPlot.tck,D08,LENO,LENO_042,distributed,Woody Wetlands,31.817828,-88.182885,WGS84,20.2,15,0.3,,,2018-08-06T13:52Z,LENO.2018.32,LENO_042.20180806,A00000015287,drag,150,Y,0,2,0,No known compromise,NEON.DOC.014045vJ,charrell@battelleecology.org,
24bc2c8f-01b1-4417-8abe-28642ba4c9da,LENO_002.tickPlot.tck,D08,LENO,LENO_002,distributed,Woody Wetlands,31.806282,-88.195217,WGS84,20.1,16.7,0.2,,,2017-10-05T14:54Z,LENO.2017.41,LENO_002.20171005,,drag and flag,160,y,0,0,529,No known compromise,NEON.DOC.014045vH,charrell@battelleecology.org,
2b5778ea-5f65-4ef9-8d6f-2f89696e2354,LENO_042.tickPlot.tck,D08,LENO,LENO_042,distributed,Woody Wetlands,31.817828,-88.182885,WGS84,20.2,15,0.3,,,2018-08-27T19:20Z,LENO.2018.35,LENO_042.20180827,A00000013945,drag,160,y,0,13,0,No known compromise,NEON.DOC.014045vJ,charrell@battelleecology.org,
2f2fa690-dab7-490e-b732-e393f79b24c7,LENO_002.tickPlot.tck,D08,LENO,LENO_002,distributed,Woody Wetlands,31.806282,-88.195217,WGS84,20.1,16.7,0.2,,,2018-08-06T16:24Z,LENO.2018.32,LENO_002.20180806,A00000013952,drag,160,y,0,2,0,No known compromise,NEON.DOC.014045vJ,rvalentine@battelleecology.org,
3918e246-85dd-4777-b679-dce3e1158e0b,LENO_004.tickPlot.tck,D08,LENO,LENO_004,distributed,Woody Wetlands,31.822384,-88.181964,WGS84,20.2,12.6,0.2,,,2018-04-23T20:19Z,LENO.2018.17,LENO_004.20180423,A00000013499,drag and flag,160,y,0,2,0,No known compromise,NEON.DOC.014045vJ,jwhite@battelleecology.org,
404b0eae-03da-43c9-83d9-28b98c522fee,LENO_015.tickPlot.tck,D08,LENO,LENO_015,distributed,Woody Wetlands,31.8173,-88.19149,WGS84,20.3,12.1,0.6,,,2016-07-20T17:15Z,LENO.2016.29,LENO_015.20160720,,drag,160,y,0,0,16,No known compromise,NEON.DOC.014045vG,KHildebrand@field-ops.org,
47a2e2c3-ff0e-4ed9-9089-08932b789af3,LENO_042.tickPlot.tck,D08,LENO,LENO_042,distributed,Woody Wetlands,31.817828,-88.182885,WGS84,20.2,15,0.3,,,2017-08-21T16:00Z,LENO.2017.35,LENO_042.20170821,,drag and flag,95,y,0,2,0,No known compromise,NEON.DOC.014045vH,spreer@battelleecology.org,
4a8a71df-751a-4e86-9f63-816f0d6f54a0,LENO_042.tickPlot.tck,D08,LENO,LENO_042,distributed,Woody Wetlands,31.817828,-88.182885,WGS84,20.2,15,0.3,,,2017-09-14T15:54Z,LENO.2017.38,LENO_042.20170914,,drag and flag,160,y,0,3,0,No known compromise,NEON.DOC.014045vH,rvalentine@battelleecology.org,
4f35cd31-ce49-4382-9eef-b251929e56ec,LENO_002.tickPlot.tck,D08,LENO,LENO_002,distributed,Woody Wetlands,31.806282,-88.195217,WGS84,20.1,16.7,0.2,,,2018-10-01T17:48Z,LENO.2018.40,LENO_002.20181001,A00000013950,drag and flag,160,Yes,0,3,0,No known compromise,NEON.DOC.014045vJ,charrell@battelleecology.org,Sampled by two teams simultaneously; shorter sample time
579603d8-74df-47de-87a6-8118cda4dcb5,LENO_002.tickPlot.tck,D08,LENO,LENO_002,distributed,Woody Wetlands,31.806282,-88.195217,WGS84,20.1,16.7,0.2,,,2018-05-09T15:25Z,LENO.2018.19,LENO_002.20180509,B00000003238,drag,160,Y,1,0,0,No known compromise,NEON.DOC.014045vJ,kjones01@battelleecology.org,
60b17af4-0fc8-4e8f-a8f4-6102c26069c9,LENO_002.tickPlot.tck,D08,LENO,LENO_002,distributed,Woody Wetlands,31.806282,-88.195217,WGS84,20.1,16.7,0.2,,,2016-08-09T19:41Z,LENO.2016.32,LENO_002.20160809,,drag,160,Yes,0,1,0,No known compromise,NEON.DOC.014045vG,GPierce@field-ops.org,
62247f3d-350d-4ac2-a6b5-7f3a88c6c533,LENO_002.tickPlot.tck,D08,LENO,LENO_002,distributed,Woody Wetlands,31.806282,-88.195217,WGS84,20.1,16.7,0.2,,,2018-04-05T18:19Z,LENO.2018.14,LENO_002.20180405,A00000013493,drag,160,Y,0,1,0,No known compromise,NEON.DOC.014045vJ,charrell@battelleecology.org,
63d1bfda-04e4-4de6-b5ee-aba01261485c,LENO_004.tickPlot.tck,D08,LENO,LENO_004,distributed,Woody Wetlands,31.822384,-88.181964,WGS84,20.2,12.6,0.2,,,2018-07-30T21:05Z,LENO.2018.31,LENO_004.20180730,A00000013938,drag,160,Y,0,3,0,No known compromise,NEON.DOC.014045vJ,cbarefoot@battelleecology.org,
655a961b-244a-4d3e-b0a8-98856bdbd7a3,LENO_002.tickPlot.tck,D08,LENO,LENO_002,distributed,Woody Wetlands,31.806282,-88.195217,WGS84,20.1,16.7,0.2,,,2016-09-20T16:08Z,LENO.2016.38,LENO_002.20160920,,drag,160,Y,0,3,0,No known compromise,NEON.DOC.014045vG,mmattox@field-ops.org,
6625ab0e-7505-412e-ae09-7f1a838cee94,LENO_004.tickPlot.tck,D08,LENO,LENO_004,distributed,Woody Wetlands,31.822384,-88.181964,WGS84,20.2,12.6,0.2,,,2018-08-06T15:07Z,LENO.2018.32,LENO_004.20180806,A00000013942,drag,160,Y,0,3,0,No known compromise,NEON.DOC.014045vJ,charrell@battelleecology.org,
6b71c696-96cc-41ba-b583-1c120e8b949d,LENO_004.tickPlot.tck,D08,LENO,LENO_004,distributed,Woody Wetlands,31.822384,-88.181964,WGS84,20.2,126,0.2,,,2016-09-20T14:37Z,LENO.2016.38,LENO_004.20160920,,drag,160,Y,0,1,0,No known compromise,NEON.DOC.014045vG,mmattox@field-ops.org,
6c8379da-f2e7-41f1-bfce-82795450cdf0,LENO_042.tickPlot.tck,D08,LENO,LENO_042,distributed,Woody Wetlands,31.817828,-88.182885,WGS84,20.2,15,0.3,,,2016-05-31T18:03Z,LENO.2016.22,LENO_042.20160531,,drag,160,Y,0,1,0,No known compromise,NEON.DOC.014045vG,PKulakowski@field-ops.org,
6f36037a-75c3-4bf1-a9ca-32ced11dafce,LENO_015.tickPlot.tck,D08,LENO,LENO_015,distributed,Woody Wetlands,31.8173,-88.19149,WGS84,20.3,12.1,0.6,,,2019-05-21T19:10Z,LENO.2019.21,LENO_015.20190521,D00000048160,drag,160,Y,,,,No known compromise,NEON.DOC.014045vK,0000-0002-6741-7770,
6fb6df40-5bf9-4a6c-a72b-2cbc23465fb8,LENO_004.tickPlot.tck,D08,LENO,LENO_004,distributed,Woody Wetlands,31.822384,-88.181964,WGS84,20.2,12.6,0.2,,,2018-06-04T20:15Z,LENO.2018.23,LENO_004.20180604,A00000013970,drag and flag,160,Y,0,2,0,No known compromise,NEON.DOC.014045vJ,mensley-field@battelleecology.org,
7bb2eea2-8df9-4260-bc0d-0eefcfe8f835,LENO_004.tickPlot.tck,D08,LENO,LENO_004,distributed,Woody Wetlands,31.822384,-88.181964,WGS84,20.2,12.6,0.2,,,2019-06-27T17:26Z,LENO.2019.26,LENO_004.20190627,D00000048153,drag,160,Y,,,,No known compromise,NEON.DOC.014045vK,0000-0002-5431-1379,
8323f9fe-05a5-437a-ab8e-4b6362884f38,LENO_004.tickPlot.tck,D08,LENO,LENO_004,distributed,Woody Wetlands,31.822384,-88.181964,WGS84,20.2,12.6,0.2,,,2016-07-20T15:39Z,LENO.2016.29,LENO_004.20160720,,drag and flag,160,Y,0,5,679,No known compromise,NEON.DOC.014045vG,KHildebrand@field-ops.org,Sample in 10 ml vial because of so many larval ticks - nymphs in vial 2 because of precipitate in 10 ml vial
8600f8ef-c225-43f8-bd1f-963d67f2a299,LENO_002.tickPlot.tck,D08,LENO,LENO_002,distributed,Woody Wetlands,31.806282,-88.195217,WGS84,20.1,16.7,0.2,,,2019-06-04T16:20Z,LENO.2019.23,LENO_002.20190604,D00000048161,drag and flag,160,Y,,,,No known compromise,NEON.DOC.014045vK,0000-0002-4103-6144,
87a6cfae-e841-4d58-a972-499da80bb381,LENO_002.tickPlot.tck,D08,LENO,LENO 2,distributed,Woody Wetlands,31.806282,-88.195217,WGS84,20.1,16.7,0.2,,,2017-08-21T18:50Z,LENO.2017.35,LENO_002.20170821,,drag,160,Y,0,0,65,No known compromise,NEON.DOC.014045vH,zjennings@battelleecology.org,
8af2f2b3-89dd-4843-9aa2-bf22b98b0e96,LENO_015.tickPlot.tck,D08,LENO,LENO_015,distributed,Woody Wetlands,31.8173,-88.19149,WGS84,20.3,12.1,0.6,,,2017-08-01T14:36Z,LENO.2017.32,LENO_015.20170801,,drag,160,Y,0,0,21,No known compromise,NEON.DOC.014045vH,lnagel@battelleecology.org,
8b2fac3b-4a52-4a21-84be-6a3beddf43b5,LENO_004.tickPlot.tck,D08,LENO,LENO_004,distributed,Woody Wetlands,31.822384,-88.181964,WGS84,20.2,12.6,0.2,,,2017-09-13T19:02Z,LENO.2017.38,LENO_004.20170913,,drag and flag,155,Y,0,1,330,No known compromise,NEON.DOC.014045vH,iahmed@battelleecology.org,
8b6f6e30-8a6c-46ac-b684-a500a8c69f00,LENO_002.tickPlot.tck,D08,LENO,LENO_002,distributed,Woody Wetlands,31.806282,-88.195217,WGS84,20.1,16.7,0.2,,,2018-04-23T18:27Z,LENO.2018.17,LENO_002.20180423,A00000013497,drag,140,Y,0,1,0,No known compromise,NEON.DOC.014045vJ,jwhite@battelleecology.org,
8ec7481f-ebc8-4d9c-b222-3e9ba210267b,LENO_004.tickPlot.tck,D08,LENO,LENO_004,distributed,Woody Wetlands,31.822384,-88.181964,WGS84,20.2,12.6,0.2,,,2018-06-20T14:08Z,LENO.2018.25,LENO_004.20180620,A00000013965,drag and flag,157,Y,0,1,0,No known compromise,NEON.DOC.014045vJ,lnagel@battelleecology.org,
90ec3fab-7422-4480-bb9d-944dd03ea523,LENO_042.tickPlot.tck,D08,LENO,LENO_042,distributed,Woody Wetlands,31.817828,-88.182885,WGS84,20.2,15,0.3,,,2016-11-21T16:54Z,LENO.2016.47,LENO_042.20161121,,drag,160,Y,1,0,0,No known compromise,NEON.DOC.014045vG,ctittle@field-ops.org,
92ac8e7e-6ab2-44c3-9430-31ce9469ffd8,LENO_042.tickPlot.tck,D08,LENO,LENO_042,distributed,Woody Wetlands,31.817828,-88.182885,WGS84,20.2,15,0.3,,,2016-08-09T18:04Z,LENO.2016.32,LENO_042.20160809,,drag,160,Y,1,2,10,No known compromise,NEON.DOC.014045vG,GPierce@field-ops.org,
93f955d2-63ba-4c17-9b75-911b397f8349,LENO_002.tickPlot.tck,D08,LENO,LENO_002,distributed,Woody Wetlands,31.806282,-88.195217,WGS84,20.1,16.7,0.2,,,2019-05-21T15:58Z,LENO.2019.21,LENO_002.20190521,D00000048042,drag,160,Y,,,,No known compromise,NEON.DOC.014045vK,0000-0002-6741-7770,
9478d621-d08f-4eb0-8e87-0ee0dbfa2635,LENO_004.tickPlot.tck,D08,LENO,LENO_004,distributed,Woody Wetlands,31.822384,-88.181964,WGS84,20.2,12.6,0.2,,,2017-10-05T17:50Z,LENO.2017.41,LENO_004.20171005,,drag and flag,150,Yes,0,0,27,No known compromise,NEON.DOC.014045vH,charrell@battelleecology.org,
953b322d-c34d-4e82-a837-afeff92e445f,LENO_004.tickPlot.tck,D08,LENO,LENO_004,distributed,Woody Wetlands,31.822384,-88.181964,WGS84,20.2,12.6,0.2,,,2017-08-21T15:04Z,LENO.2017.35,LENO_004.20170821,,drag and flag,150,Y,0,0,57,No known compromise,NEON.DOC.014045vH,spreer@battelleecology.org,
99184a5a-55f6-4083-aeb5-a9a2346d7042,LENO_002.tickPlot.tck,D08,LENO,LENO_002,distributed,Woody Wetlands,31.806282,-88.195217,WGS84,20.1,16.7,0.2,,,2017-09-14T13:38Z,LENO.2017.38,LENO_002.20170914,,drag and flag,160,Y,0,0,3,No known compromise,NEON.DOC.014045vH,iahmed@battelleecology.org,
a159fad3-7432-4d29-92f2-93400cac4ee8,LENO_004.tickPlot.tck,D08,LENO,LENO_004,distributed,Woody Wetlands,31.822384,-88.181964,WGS84,20.2,12.6,0.2,,,2016-05-31T15:57Z,LENO.2016.22,LENO_004.20160531,,drag and flag,160,Y,0,2,0,No known compromise,NEON.DOC.014045vG,PKulakowski@field-ops.org,
ad26436a-9f77-4e15-8878-e0b1bda77254,LENO_042.tickPlot.tck,D08,LENO,LENO_042,distributed,Woody Wetlands,31.817828,-88.182885,WGS84,20.2,15,0.3,,,2016-09-06T20:05Z,LENO.2016.36,LENO_042.20160906,,drag,160,yes,0,5,0,No known compromise,NEON.DOC.014045vG,KHildebrand@field-ops.org,
ad9afe6e-d406-42ad-b970-da6138feb0ec,LENO_004.tickPlot.tck,D08,LENO,LENO_004,distributed,Woody Wetlands,31.822384,-88.181964,WGS84,20.2,12.6,0.2,,,2018-08-27T20:00Z,LENO.2018.35,LENO_004.20180827,A00000015262,drag,160,yes,0,8,0,No known compromise,NEON.DOC.014045vJ,charrell@battelleecology.org,
b0acbe40-fc6f-48af-8d10-59c9485cebc9,LENO_004.tickPlot.tck,D08,LENO,LENO_004,distributed,Woody Wetlands,31.822384,-88.181964,WGS84,20.2,12.6,0.2,,,2019-05-21T17:54Z,LENO.2019.21,LENO_004.20190521,D00000048046,drag,160,yes,,,,No known compromise,NEON.DOC.014045vK,0000-0002-6741-7770,
b1320a59-6923-44d4-afcb-1720280264fb,LENO_002.tickPlot.tck,D08,LENO,LENO_002,distributed,Woody Wetlands,31.806282,-88.195217,WGS84,20.1,16.7,0.2,,,2017-07-10T18:04Z,LENO.2017.29,LENO_002.20170710,,drag and flag,160,Y,0,2,163,No known compromise,NEON.DOC.014045vH,khildebrand@battelleecology.org,
b3092cf0-5053-416c-9dcc-34a2021ca3b1,LENO_015.tickPlot.tck,D08,LENO,LENO_015,distributed,Woody Wetlands,31.8173,-88.19149,WGS84,20.3,12.1,0.6,,,2018-08-27T18:40Z,LENO.2018.35,LENO_015.20180827,A00000013966,drag and flag,160,Y,0,2,0,No known compromise,NEON.DOC.014045vJ,charrell@battelleecology.org,
b9a206b3-15d9-458f-8a63-da8115067795,LENO_015.tickPlot.tck,D08,LENO,LENO 5,distributed,Woody Wetlands,31.8173,-88.19149,WGS84,20.3,121,0.6,,,2018-08-06T15:05Z,LENO.2018.32,LENO_015.20180806,A00000013935,drag,160,Y,0,1,0,No known compromise,NEON.DOC.014045vJ,hodom@battelleecology.org,
bf0ef9aa-2144-4f8d-be45-bde5be2cb61c,LENO_042.tickPlot.tck,D08,LENO,LENO_042,distributed,Woody Wetlands,31.817828,-88.182885,WGS84,20.2,15,0.3,,,2016-10-11T16:09Z,LENO.2016.41,LENO_042.20161011,,drag,160,Yes,0,1,0,No known compromise,NEON.DOC.014045vG,ctittle@field-ops.org,
c0f7e5ad-154e-45c1-a5a9-f746551e2a98,LENO_002.tickPlot.tck,D08,LENO,LENO_002,distributed,Woody Wetlands,31.806282,-88.195217,WGS84,20.1,16.7,0.2,,,2017-05-09T18:34Z,LENO.2017.20,LENO_002.20170509,,drag,158,Y,0,1,0,No known compromise,NEON.DOC.014045vH,lnagel@battelleecology.org,
c5eb5e75-7550-4947-a62f-b986a9d0f27c,LENO_004.tickPlot.tck,D08,LENO,LENO_004,distributed,Woody Wetlands,31.822384,-88.181964,WGS84,20.2,12.6,0.2,,,2018-04-05T15:06Z,LENO.2018.14,LENO_004.20180405,A00000013496,drag and flag,155,Y,0,3,0,No known compromise,NEON.DOC.014045vJ,charrell@battelleecology.org,
c6f9716b-598f-4ffc-a7d7-a32471cd0691,LENO_004.tickPlot.tck,D08,LENO,LENO_004,distributed,Woody Wetlands,31.822384,-88.181964,WGS84,20.2,12.6,0.2,,,2017-08-01T15:33Z,LENO.2017.32,LENO_004.20170801,,drag,157,Y,0,2,13,No known compromise,NEON.DOC.014045vH,iahmed@battelleecology.org,
c976e2cc-604d-46dc-8b0f-3c7860323874,LENO_004.tickPlot.tck,D08,LENO,LENO_004,distributed,Woody Wetlands,31.822384,-88.181964,WGS84,20.2,12.6,0.2,,,2017-05-09T21:31Z,LENO.2017.20,LENO_004.20170509,,drag,155,Y,0,4,0,No known compromise,NEON.DOC.014045vH,lnagel@battelleecology.org,
cf971c17-2c15-424c-b6b9-781483bb8d3d,LENO_002.tickPlot.tck,D08,LENO,LENO_002,distributed,Woody Wetlands,31.806282,-88.195217,WGS84,20.1,16.7,0.2,,,2016-11-21T19:49Z,LENO.2016.47,LENO_002.20161121,,drag,160,Y,0,1,0,No known compromise,NEON.DOC.014045vG,ctittle@field-ops.org,
dac7ac6f-a0b5-4947-beeb-872c4fa1c744,LENO_015.tickPlot.tck,D08,LENO,LENO_015,distributed,Woody Wetlands,31.8173,-88.19149,WGS84,20.3,12.1,0.6,,,2018-06-04T21:10Z,LENO.2018.23,LENO_015.20180604,A00000013957,drag,160,Y,0,2,0,No known compromise,NEON.DOC.014045vJ,mensley-field@battelleecology.org,
e358862a-a757-4db3-8c1b-8410d56410a8,LENO_042.tickPlot.tck,D08,LENO,LENO_042,distributed,Woody Wetlands,31.817828,-88.182885,WGS84,20.2,15,0.3,,,2016-09-20T15:27Z,LENO.2016.38,LENO_042.20160920,,drag and flag,160,Y,0,2,0,No known compromise,NEON.DOC.014045vG,mmattox@field-ops.org,
e52db0cb-ac2e-4f95-8dbe-b8de7a2893c2,LENO_004.tickPlot.tck,D08,LENO,LENO_004,distributed,Woody Wetlands,31.822384,-88.181964,WGS84,20.2,12.6,0.2,,,2017-07-10T14:08Z,LENO.2017.29,LENO_004.20170710,,drag,142,Y,1,0,0,No known compromise,NEON.DOC.014045vH,khildebrand@battelleecology.org,
e55193ff-b3c9-476c-879d-b93488aae6e3,LENO_042.tickPlot.tck,D08,LENO,LENO_042,distributed,Woody Wetlands,31.817828,-88.182885,WGS84,20.2,15,0.3,,,2017-05-30T20:30Z,LENO.2017.23,LENO_042.20170530,,drag,95,Y,0,1,0,No known compromise,NEON.DOC.014045vH,rvalentine@battelleecology.org,
ec42989b-b576-48eb-8cc2-43af6ecf068f,LENO_004.tickPlot.tck,D08,LENO,LENO_004,distributed,Woody Wetlands,31.822384,-88.181964,WGS84,20.2,12.6,0.2,,,2017-04-17T16:28Z,LENO.2017.17,LENO_004.20170417,,drag and flag,150,Y,1,1,0,No known compromise,NEON.DOC.014045vG,elamb@battelleecology.org,
ee6b33e1-6637-4dd7-916e-c2b662844d5d,LENO_002.tickPlot.tck,D08,LENO,LENO_002,distributed,Woody Wetlands,31.806282,-88.195217,WGS84,20.1,16.7,0.2,,,2018-06-04T16:27Z,LENO.2018.23,LENO_002.20180604,A00000013964,drag,160,yes,0,1,0,No known compromise,NEON.DOC.014045vJ,mensley-field@battelleecology.org,
